w,AUC,AP,LogLoss
0.6,0.856705582959504,0.8718537072792953,0.5154218345665565
0.7,0.8529966574528434,0.8698730300205426,0.5174685087407684
0.8,0.8502986216543584,0.8682099118937443,0.5193266334918006
0.9,0.8474051646532846,0.866501908721829,0.5210190745781635
